Name,Gender,Race,Status,s_01,e_01,p_01,s_02,e_02,p_02,s_03,e_03,p_03,s_04,e_04,p_04,s_05,e_05,p_05,s_06,e_06,p_06
Janet Nguyen,Female,Asian,Active,2014,2016,Senate District 34,,,,,,,,,,,,,,,
John Chiang,Male,Asian,Inactive,1996,2005,BOE District 4,,,,,,,,,,,,,,,
Michelle Steel,Female,Asian,Inactive,2006,2013,BOE District 3,,,,,,,,,,,,,,,
Mike Eng,Male,Asian,Active,2006,2011,Assembly District 49,2013,2016,LACCD 2,,,,,,,,,,,,
Ted Lieu,Male,Asian,Active,2005,2009,Assembly District 53,2010,2013,Senate District 28,2014,2016,US District 33,,,,,,,,,
Matthew K. Fong,Male,Asian,Deceased,1990,1993,BOE District 4,,,,,,,,,,,,,,,
Tina Park,Female,Asian,Inactive,2010,2012,LACCD 2,,,,,,,,,,,,,,,
Julia Wu,Female,Asian,,1987,1998,LACCD 3,,,,,,,,,,,,,,,
Carol Liu,Female,Asian,t/o,2000,2005,Assembly District 44,2008,2011,Senate District 21,2012,2016,Senate District 25,,,,,,,,,
Judy Chu,Female,Asian,Active,2001,2005,Assembly District 49,2006,2008,BOE District 4,2009,2011,US District 32,2012,2016,US District 27,,,,,,
George Nakano,Male,Asian,,1998,2003,Assembly District 53,,,,,,,,,,,,,,,
Tony Trias,Male,Asian,,1980,1982,LAUSD D 3,,,,,,,,,,,,,,,
Ed Chau,Male,Asian,Active,2012,2016,Assembly District 49,,,,,,,,,,,,,,,
Paul Bannai,Male,Asian,Inactive,1973,1973,Assembly District 67,1974,1979,Assembly District 53,,,,,,,,,,,,
George Kiriyama,Male,Asian,,1995,1998,LAUSD D 7,,,,,,,,,,,,,,,
Michael Woo,Male,Asian,Inactive,1985,1992,LA District 13,,,,,,,,,,,,,,,
Al Muratsuchi,Male,Asian,ELECTION,2012,2013,Assembly District 66,,,,,,,,,,,,,,,
Alfred Song,Male,Asian,Deceased,1962,1965,Assembly District 45,1966,1973,Senate District 28,1974,1977,Senate District 26,,,,,,,,,
Warren Furutani,Male,Asian,ELECTION,1987,1994,LAUSD D 7,1999,2007,LACCD 7,2008,2011,Assembly District 55,,,,,,,,,
Ling-Ling Chang,Female,Asian,Active,2014,2016,Assembly District 55,,,,,,,,,,,,,,,
David E. Ryu,Male,Asian,Active,2015,2016,LA District 04,,,,,,,,,,,,,,,
Mike Fong,Male,Asian,Active,2015,2016,LACCD 7,,,,,,,,,,,,,,,
Steven Bradford,Male,Black,Active,2010,2011,Assembly District 51,2012,2013,Assembly District 62,,,,,,,,,,,,
Gilbert Lindsay,Male,Black,Deceased,1963,1989,LA District 09,,,,,,,,,,,,,,,
Genethia Hudley Hayes,Female,Black,Inactive,1999,2002,LAUSD D 1,,,,,,,,,,,,,,,
Mervyn Dymally,Male,Black,Deceased,1962,1966,Assembly District 53,1966,1974,Senate District 29,1980,1991,US District 31,2002,2007,Assembly District 52,,,,,,
Teresa Hughes,Female,Black,Deceased,1976,1991,Assembly District 47,1992,1999,Senate District 25,,,,,,,,,,,,
Mike Gipson,Male,Black,Active,2014,2016,Assembly District 64,,,,,,,,,,,,,,,
James Jones,Male,Black,Deceased,1965,1968,LAUSD AL 2,,,,,,,,,,,,,,,
Rita Walters,Female,Black,Inactive,1979,1990,LAUSD D 1,1990,2000,LA District 09,,,,,,,,,,,,
Nate Holden,Male,Black,Inactive,1974,1977,Senate District 30,1987,2002,LA District 10,,,,,,,,,,,,
Sebastian Ridley-Thomas,Male,Black,Active,2013,2016,Assembly District 54,,,,,,,,,,,,,,,
Robert C. Farrell,Male,Black,Inactive,1974,1990,LA District 08,,,,,,,,,,,,,,,
Mark Ridley-Thomas,Male,Black,ELECTION,1991,2002,LA District 08,2002,2005,Assembly District 48,2006,2008,Senate District 26,2008,2016,County District 2,,,,,,
Leon Ralph,Male,Black,Deceased,1966,1973,Assembly District 55,1974,1975,Assembly District 48,,,,,,,,,,,,
Althea Baker,Female,Black,,1989,2000,LACCD 6,,,,,,,,,,,,,,,
Isadore Hall III,Male,Black,ELECTION,2008,2011,Assembly District 52,2012,2013,Assembly District 64,2014,2016,Senate District 35,,,,,,,,,
David Cunningham,Male,Black,,1973,1986,LA District 10,,,,,,,,,,,,,,,
Willard H. Murray, Jr.,Male,Black,Inactive,1988,1991,Assembly District 54,1992,1995,Assembly District 52,,,,,,,,,,,,
Autumn Burke,Female,Black,Active,2014,2016,Assembly District 62,,,,,,,,,,,,,,,
Bill Greene,Male,Black,Deceased,1967,1973,Assembly District 53,1974,1975,Assembly District 47,1975,1983,Senate District 29,1984,1991,Senate District 27,,,,,,
Holly Mitchell,Female,Black,Active,2010,2011,Assembly District 47,2012,2012,Assembly District 54,2013,2013,Senate District 26,2014,2016,Senate District 30,,,,,,
Jerome Horton,Male,Black,Active,2000,2005,Assembly District 51,2009,2013,BOE District 4,2014,2016,BOE District 3,,,,,,,,,
Barbara Boudreaux,Female,Black,,1991,1998,LAUSD D 1,,,,,,,,,,,,,,,
Tom Bradley,Male,Black,Deceased,1963,1972,LA District 10,1973,1992,Mayor,,,,,,,,,,,,
Mike Davis,Male,Black,,2006,2011,Assembly District 48,,,,,,,,,,,,,,,
Frank Holoman,Male,Black,,1972,1973,Assembly District 65,,,,,,,,,,,,,,,
Kevin Murray,Male,Black,Inactive,1994,1997,Assembly District 47,1998,2005,Senate District 26,,,,,,,,,,,,
Yvonne Brathwaite Burke,Female,Black,Inactive,1966,1971,Assembly District 63,1972,1973,US District 37,1974,1977,US District 28,1978,1979,County District 4,1992,2007,County District 2,,,
Curtis Tucker, Jr.,Male,Black,Inactive,1986,1991,Assembly District 50,1992,1995,Assembly District 51,,,,,,,,,,,,
Jackie Lacey,Female,Black,Active,2013,2016,County District Attorney,,,,,,,,,,,,,,,
George McKenna,Male,Black,Active,2014,2016,LAUSD D 1,,,,,,,,,,,,,,,
Herb Wesson,Male,Black,Active,1998,2003,Assembly District 47,2005,2016,LA District 10,,,,,,,,,,,,
Curren Price, Jr.,Male,Black,Active,2006,2009,Assembly District 51,2009,2012,Senate District 26,2013,2016,LA District 09,,,,,,,,,
Kenneth Washington,Male,Black,Deceased,1969,1974,LACCD 3,1991,1997,LACCD 5,,,,,,,,,,,,
Roderick Wright,Male,Black,Inactive,1996,2001,Assembly District 48,2008,2011,Senate District 25,2012,2013,Senate District 35,,,,,,,,,
Chris Holden,Male,Black,Active,2012,2016,Assembly District 41,,,,,,,,,,,,,,,
Carl Washington ,Male,Black,,1996,2001,Assembly District 52,,,,,,,,,,,,,,,
Gwen Moore,Female,Black,Inactive,1975,1978,LACCD 3,1978,1991,Assembly District 49,1992,1993,Assembly District 47,,,,,,,,,
Angela Reddock,Female,Black,,2007,2009,LACCD 2,,,,,,,,,,,,,,,
Martin Ludlow,Male,Black,,2003,2004,LA District 10,,,,,,,,,,,,,,,
Marguerite LaMotte,Female,Black,,2003,2013,LAUSD D 1,,,,,,,,,,,,,,,
Douglas Ferrell,Male,Black,,1962,1965,Assembly District 55,,,,,,,,,,,,,,,
Juanita Millender-McDonald,Female,Black,Deceased,1992,1995,Assembly District 55,1996,2007,US District 37,,,,,,,,,,,,
Diane Watson,Female,Black,Inactive,1975,1977,LAUSD AL 5,1978,1981,Senate District 30,1982,1993,Senate District 28,1994,1997,Senate District 26,2001,2001,US District 32,2002,2009,US District 33
Walter Tucker III,Male,Black,,1992,1995,US District 37,,,,,,,,,,,,,,,
Marguerite Archie-Hudson,Female,Black,Inactive,1979,1986,LACCD 3,1990,1995,Assembly District 48,,,,,,,,,,,,
Reggie Jones-Sawyer Sr.,Male,Black,Active,2012,2016,Assembly District 59,,,,,,,,,,,,,,,
Julian Dixon,Male,Black,Deceased,1972,1973,Assembly District 63,1974,1977,Assembly District 49,1978,1991,US District 28,1992,2000,US District 32,,,,,,
Lewis Boehler,Female,Black,,1978,1978,LAUSD AL 5,,,,,,,,,,,,,,,
Billy Mills,Male,Black,,1963,1973,LA District 08,,,,,,,,,,,,,,,
Augustus Hawkins,Male,Black,Deceased,1959,1961,Assembly District 62,1962,1971,US District 21,1974,1989,US District 29,,,,,,,,,
Karen Bass,Female,Black,Active,2004,2009,Assembly District 47,2010,2011,US District 33,2012,2016,US District 37,,,,,,,,,
Laura Richardson,Female,Black,Inactive,2006,2007,Assembly District 55,2008,2011,US District 37,,,,,,,,,,,,
Jan Perry,Female,Black,,2001,2012,LA District 09,,,,,,,,,,,,,,,
Edward Vincent,Male,Black,Deceased,1996,1999,Assembly District 51,2000,2007,Senate District 25,,,,,,,,,,,,
Bernard Parks,Male,Black,,2003,2014,LA District 08,,,,,,,,,,,,,,,
Maxine Waters,Female,Black,Active,1976,1989,Assembly District 48,1990,1991,US District 29,1992,2011,US District 35,2012,2016,US District 43,,,,,,
Curtis Tucker,Male,Black,,1974,1985,Assembly District 50,,,,,,,,,,,,,,,
Marqueece Harris-Dawson,Male,Black,Active,2015,2016,LA District 08,,,,,,,,,,,,,,,
Sydney K. Kamlager,Female,Black,Active,2015,2016,LACCD 3,,,,,,,,,,,,,,,
Debra Bowen,Female,Jewish,Inactive,1992,1997,Assembly District 53,1998,2005,Senate District 28,,,,,,,,,,,,
Lindsay Conner,Female,Jewish,Inactive,1981,1996,LACCD 4,,,,,,,,,,,,,,,
Bonnie Lowenthal,Female,Jewish,Inactive,2008,2011,Assembly District 54,2012,2013,Assembly District 70,,,,,,,,,,,,
Jane Harman,Female,Jewish,Inactive,1992,2011,US District 36,,,,,,,,,,,,,,,
Joel Wachs,Male,Jewish,Inactive,1971,1999,LA District 02,,,,,,,,,,,,,,,
Hal Bernson,Male,Jewish,Inactive,1979,2002,LA District 12,,,,,,,,,,,,,,,
Tom Bane,Male,Jewish,Deceased,1959,1963,Assembly District 42,1974,1991,Assembly District 40,,,,,,,,,,,,
Jack R. Fenton ,Male,Jewish,Deceased,1964,1973,Assembly District 51,,,,,,,,,,,,,,,
Joy Picus,Female,Jewish,Inactive,1977,1992,LA District 03,,,,,,,,,,,,,,,
Burt Pines,Male,Jewish,Inactive,1973,1980,City Attorney,,,,,,,,,,,,,,,
Michael D. Waxman,Male,Jewish,Inactive,2001,2006,LACCD 2,,,,,,,,,,,,,,,
Alan Lowenthal,Male,Jewish,Active,1998,2003,Assembly District 54,2004,2011,Senate District 27,2012,2016,US District 47,,,,,,,,,
Richard Katz,Male,Jewish,Inactive,1980,1995,Assembly District 39,,,,,,,,,,,,,,,
Mona Field,Female,Jewish,Inactive,1999,2009,LACCD 3,2010,2014,LACCD 1,,,,,,,,,,,,
Mel Levine,Male,Jewish,Inactive,1978,1981,Assembly District 44,1982,1991,US District 27,,,,,,,,,,,,
Burt Margolin,Male,Jewish,Inactive,1982,1991,Assembly District 45,1992,1993,Assembly District 42,,,,,,,,,,,,
Bobbi Fiedler,Female,Jewish,Inactive,1977,1980,LAUSD AL 4,1978,1985,US District 21,,,,,,,,,,,,
Julie Korenstein,Female,Jewish,,1987,2009,LAUSD D 6,,,,,,,,,,,,,,,
Rosalind Wyman,Female,Jewish,,1959,1964,LA District 05,,,,,,,,,,,,,,,
Ira Reiner,Male,Jewish,Inactive,1975,1976,LACCD 7,1977,1980,City Controller,1981,1984,City Attorney,1984,1991,County District Attorney,,,,,,
Brad Sherman,Male,Jewish,Active,1990,1993,BOE District 2,1994,1995,BOE District 4,1996,2001,US District 24,2002,2011,US District 27,2012,2016,US District 30,,,
Ruth Galanter,Female,Jewish,,1987,2002,LA District 06,,,,,,,,,,,,,,,
Alan Robbins,Male,Jewish,,1974,1993,Senate District 20,,,,,,,,,,,,,,,
Valerie Fields,Female,Jewish,,1997,2000,LAUSD D 4,,,,,,,,,,,,,,,
Steve Fox,Male,Jewish,Inactive,2012,2013,Assembly District 36,,,,,,,,,,,,,,,
Howard Miller,Male,Jewish,,1976,1980,LAUSD AL 2,,,,,,,,,,,,,,,
Rick Auerbach,Male,Jewish,,2000,2009,Assessor,,,,,,,,,,,,,,,
Georgia Mercer,Female,Jewish,,1998,2009,LACCD 5,,,,,,,,,,,,,,,
Jeffrey Prang,Male,Jewish,Active,2014,2016,Assessor,,,,,,,,,,,,,,,
Bennett Kayser,Male,Jewish,Active,2011,2014,LAUSD D 5,,,,,,,,,,,,,,,
Barbara Friedman,Female,Jewish,,1992,1995,Assembly District 40,,,,,,,,,,,,,,,
Laura Chick,Female,Jewish,Inactive,1993,2000,LA District 03,2001,2008,City Controller,,,,,,,,,,,,
Steve Zimmer,Male,Jewish,,2010,2016,LAUSD D 4,,,,,,,,,,,,,,,
Alan Gershman,Male,Jewish,,1981,1988,LAUSD D 4,,,,,,,,,,,,,,,
Henry Waxman,Male,Jewish,Inactive,1968,1973,Assembly District 61,1974,1991,US District 24,1992,2001,US District 29,2002,2011,US District 30,2012,2013,US District 33,,,
Richard Bloom,Male,Jewish,Active,2012,2016,Assembly District 50,,,,,,,,,,,,,,,
Ben Allen,Male,Jewish,Active,2014,2016,Senate District 26,,,,,,,,,,,,,,,
Jackie Goldberg,Female,Jewish,Inactive,1983,1990,LAUSD D 3,1993,2000,LA District 13,2000,2005,Assembly District 45,,,,,,,,,
Terry Friedman,Male,Jewish,Inactive,1986,1991,Assembly District 43,1992,1993,Assembly District 41,,,,,,,,,,,,
Monroe Richman,Male,Jewish,,1971,1986,LACCD 1,,,,,,,,,,,,,,,
Lloyd Levine,Male,Jewish,,2002,2007,Assembly District 40,,,,,,,,,,,,,,,
Nancy Pearlman,Female,Jewish,,2001,2016,LACCD 6,,,,,,,,,,,,,,,
Elizabeth Garfield,Female,Jewish,,1993,2000,LACCD 2,,,,,,,,,,,,,,,
Tamar Galatzan,Female,Jewish,,2007,2014,LAUSD D 3,,,,,,,,,,,,,,,
Bob Blumenfield,Male,Jewish,Active,2008,2011,Assembly District 40,2012,2012,Assembly District 45,2013,2016,LA District 03,,,,,,,,,
Jack Weiss,Male,Jewish,,2001,2008,LA District 05,,,,,,,,,,,,,,,
Mark Slavkin,Male,Jewish,,1989,1996,LAUSD D 4,,,,,,,,,,,,,,,
Bob Hertzberg,Male,Jewish,Active,1996,2001,Assembly District 40,2014,2016,Senate District 18,,,,,,,,,,,,
Wally Knox,Male,Jewish,Inactive,1987,1994,LACCD 1,1994,1999,Assembly District 42,,,,,,,,,,,,
Donald Newman,Male,Jewish,,1969,1975,LAUSD AL 2,,,,,,,,,,,,,,,
Jack Fenton,Male,Jewish,,1974,1979,Assembly District 59,,,,,,,,,,,,,,,
Arthur Bronson,Male,Jewish,,1971,1988,LACCD 2,,,,,,,,,,,,,,,
Sheila Kuehl,Female,Jewish,Active,1994,1999,Assembly District 41,2000,2007,Senate District 23,2014,2016,County District 3,,,,,,,,,
Scott Svonkin,Male,Jewish,,2010,2016,LACCD 5,,,,,,,,,,,,,,,
Marvin Braude,Male,Jewish,,1965,1996,LA District 11,,,,,,,,,,,,,,,
Mike Feuer,Male,Jewish,Active,1994,2000,LA District 05,2006,2011,Assembly District 42,2013,2016,City Attorney,,,,,,,,,
Adam Schiff,Male,Jewish,Active,1996,1999,Senate District 21,2000,2001,US District 27,2002,2011,US District 29,2012,2016,US District 28,,,,,,
Herschel Rosenthal,Male,Jewish,Deceased,1974,1981,Assembly District 45,1982,1993,Senate District 22,1994,1997,Senate District 20,,,,,,,,,
Ed Edelman,Male,Jewish,Inactive,1965,1974,LA District 05,1975,1993,County District 3,,,,,,,,,,,,
Roberta Weintraub,Female,Jewish,Inactive,1979,1980,LAUSD AL 6,1981,1992,LAUSD D 2,,,,,,,,,,,,
Howard Berman,Male,Jewish,Inactive,1972,1973,Assembly District 57,1974,1981,Assembly District 43,1982,2001,US District 26,2002,2011,US District 28,,,,,,
Mitch Englander,Male,Jewish,Active,2011,2016,LA District 12,,,,,,,,,,,,,,,
Zev Yaroslavsky,Male,Jewish,Inactive,1975,1993,LA District 05,1994,2013,County District 3,,,,,,,,,,,,
Anthony Beilenson,Male,Jewish,Inactive,1962,1965,Assembly District 59,1966,1973,Senate District 26,1974,1977,Senate District 22,1976,1991,US District 23,1992,1995,US District 24,,,
George Danielson,Male,Jewish,Deceased,1962,1965,Assembly District 48,1966,1971,Senate District 27,1970,1973,US District 29,1974,1981,US District 30,,,,,,
Alan Sieroty,Male,Jewish,Inactive,1966,1973,Assembly District 59,1974,1977,Assembly District 44,1978,1981,Senate District 22,,,,,,,,,
Paul Koretz,Male,Jewish,Active,2000,2005,Assembly District 42,2009,2016,LA District 05,,,,,,,,,,,,
Keith Richman,Male,Jewish,,2000,2005,Assembly District 38,,,,,,,,,,,,,,,
Ron Galperin,Male,Jewish,Active,2013,2016,City Controller,,,,,,,,,,,,,,,
Howard Finn,Male,Jewish,,1981,1986,LA District 01,,,,,,,,,,,,,,,
Andra Hoffman,Female,Jewish,Active,2015,2016,LACCD 1,,,,,,,,,,,,,,,
Nell Soto,Female,Latino,Deceased,1998,2007,Assembly District 61,2000,2005,Senate District 32,,,,,,,,,,,,
Yolie Flores Aguilar,Female,Latino,Inactive,2007,2010,LAUSD D 5,,,,,,,,,,,,,,,
Matthew ""Marty"" Martinez,Male,Latino,Deceased,1980,1981,Assembly District 59,1982,1991,US District 30,1992,1999,US District 31,,,,,,,,,
Richard Alarcon,Male,Latino,ELECTION,1993,2012,LA District 07,1998,2005,Senate District 20,2006,2006,Assembly District 39,,,,,,,,,
Charles Calderon,Male,Latino,Inactive,1982,1989,Assembly District 59,1990,1993,Senate District 26,1994,1997,Senate District 30,2006,2011,Assembly District 58,,,,,,
Gloria Molina,Female,Latino,Inactive,1982,1985,Assembly District 56,1987,1990,LA District 01,1991,2013,County District 1,,,,,,,,,
Eric Garcetti,Male,Latino,Active,2001,2012,LA District 13,2013,2016,Mayor,,,,,,,,,,,,
Jenny Oropeza,Female,Latino,Deceased,2000,2005,Assembly District 55,2006,2009,Senate District 28,,,,,,,,,,,,
Esteban Torres,Male,Latino,Inactive,1982,1997,US District 34,,,,,,,,,,,,,,,
Gil Garcetti,Male,Latino,Inactive,1992,1999,County District Attorney,,,,,,,,,,,,,,,
John Perez,Male,Latino,Inactive,2008,2011,Assembly District 46,2012,2013,Assembly District 53,,,,,,,,,,,,
Rocky Delgadillo,Male,Latino,Inactive,2001,2008,City Attorney,,,,,,,,,,,,,,,
Cristina Garcia,Female,Latino,Active,2012,2016,Assembly District 58,,,,,,,,,,,,,,,
Patty Lopez,Female,Latino,Active,2014,2016,Assembly District 39,,,,,,,,,,,,,,,
Joe Baca,Male,Latino,,1998,1999,Senate District 32,,,,,,,,,,,,,,,
Antonio Villaraigosa,Male,Latino,Inactive,1994,1999,Assembly District 45,2003,2004,LA District 14,2005,2012,Mayor,,,,,,,,,
Edward Roybal,Male,Latino,Deceased,1959,1962,LA District 09,1962,1973,US District 30,1974,1991,US District 25,,,,,,,,,
Gilbert Cedillo,Male,Latino,Active,1997,2001,Assembly District 46,2002,2009,Senate District 22,2010,2011,Assembly District 45,2013,2016,LA District 01,,,,,,
Cindy Montanez,Female,Latino,,2002,2005,Assembly District 39,,,,,,,,,,,,,,,
Norma Torres,Female,Latino,Active,2008,2011,Assembly District 61,2012,2012,Assembly District 52,2013,2013,Senate District 32,2014,2016,US District 35,,,,,,
Tony Mendoza,Male,Latino,Active,2006,2011,Assembly District 56,2014,2016,Senate District 32,,,,,,,,,,,,
Mike Hernandez,Male,Latino,,1991,2000,LA District 01,,,,,,,,,,,,,,,
Leticia Quezada,Female,Latino,Inactive,1985,1986,LACCD 7,1987,1994,LAUSD D 5,,,,,,,,,,,,
Jimmy Gomez,Male,Latino,Active,2012,2016,Assembly District 51,,,,,,,,,,,,,,,
Richard Polanco,Male,Latino,Inactive,1986,1991,Assembly District 55,1992,1993,Assembly District 45,1994,2001,Senate District 22,,,,,,,,,
Rudy Bermudez,Male,Latino,,2002,2005,Assembly District 56,,,,,,,,,,,,,,,
Ian Calderon,Male,Latino,Active,2012,2016,Assembly District 57,,,,,,,,,,,,,,,
Julian Nava,Male,Latino,,1967,1978,LAUSD AL 3,,,,,,,,,,,,,,,
Gloria Negrete McLeod,Female,Latino,Inactive,2000,2005,Assembly District 61,2006,2012,Senate District 32,2012,2013,US District 35,,,,,,,,,
John Moreno ,Male,Latino,,1962,1963,Assembly District 51,,,,,,,,,,,,,,,
Roger Hernandez,Male,Latino,ELECTION,2010,2011,Assembly District 57,2012,2016,Assembly District 48,,,,,,,,,,,,
Anthony Rendon,Male,Latino,Active,2012,2016,Assembly District 63,,,,,,,,,,,,,,,
Sally Havice,Female,Latino,,1996,2001,Assembly District 56,,,,,,,,,,,,,,,
Raul Bocanegra,Male,Latino,Inactive,2012,2013,Assembly District 39,,,,,,,,,,,,,,,
Ronald Calderon,Male,Latino,Inactive,2002,2005,Assembly District 58,2006,2013,Senate District 30,,,,,,,,,,,,
John Noguez,Male,Latino,,2010,2013,Assessor,,,,,,,,,,,,,,,
Ed Chavez,Male,Latino,,2000,2005,Assembly District 57,,,,,,,,,,,,,,,
Steve Veres,Male,Latino,,2010,2014,LACCD 3,,,,,,,,,,,,,,,
Martin Gallegos,Male,Latino,,1994,1999,Assembly District 57,,,,,,,,,,,,,,,
Ruben Ayala,Male,Latino,,1974,1997,Senate District 32,,,,,,,,,,,,,,,
Nury Martinez,Female,Latino,Active,2010,2012,LAUSD D 6,2013,2016,LA District 06,,,,,,,,,,,,
Connie M. Leyva,Female,Latino,Active,2014,2016,Senate District 20,,,,,,,,,,,,,,,
Ed Hernandez,Male,Latino,Active,2006,2009,Assembly District 57,2010,2013,Senate District 24,2014,2016,Senate District 22,,,,,,,,,
J. William Orozco,Male,Latino,,1969,1978,LACCD 5,,,,,,,,,,,,,,,
Gloria Romero,Female,Latino,Inactive,1995,1998,LACCD 1,1998,2000,Assembly District 49,2000,2009,Senate District 24,,,,,,,,,
Philip Soto,Male,Latino,,1962,1965,Assembly District 50,,,,,,,,,,,,,,,
Martha Escutia,Female,Latino,Inactive,1992,1997,Assembly District 50,1998,2005,Senate District 30,,,,,,,,,,,,
Ed Reyes,Male,Latino,,2001,2012,LA District 01,,,,,,,,,,,,,,,
Bob Pacheco,Male,Latino,,1998,2003,Assembly District 60,,,,,,,,,,,,,,,
Art Torres,Male,Latino,Inactive,1974,1981,Assembly District 56,1982,1993,Senate District 24,,,,,,,,,,,,
Linda Sanchez,Female,Latino,ELECTION,2002,2011,US District 39,2012,2016,US District 38,,,,,,,,,,,,
Marco Firebaugh,Male,Latino,,1998,2003,Assembly District 50,,,,,,,,,,,,,,,
Richard Alatorre,Male,Latino,Inactive,1972,1973,Assembly District 48,1974,1985,Assembly District 55,1985,1998,LA District 14,,,,,,,,,
Felipe Fuentes,Male,Latino,Active,2007,2011,Assembly District 39,2013,2016,LA District 07,,,,,,,,,,,,
Thomas Calderon,Male,Latino,,1998,2001,Assembly District 58,,,,,,,,,,,,,,,
Nick Pacheco ,Male,Latino,,1999,2002,LA District 14,,,,,,,,,,,,,,,
Sylvia Scott-Hayes,Female,Latino,,1999,2009,LACCD 1,,,,,,,,,,,,,,,
Ernest Moreno,Male,Latino,Active,2013,2016,LACCD 4,,,,,,,,,,,,,,,
David Lopez-Lee,Male,Latino,,1987,1998,LACCD 7,,,,,,,,,,,,,,,
Robert Garcia,Male,Latino,Active,2014,2016,Long Beach Mayor,,,,,,,,,,,,,,,
Jose Huizar,Male,Latino,Active,2001,2004,LAUSD D 2,2005,2016,LA District 14,,,,,,,,,,,,
Miguel Santiago,Male,Latino,Active,2008,2014,LACCD 7,2014,2016,Assembly District 53,,,,,,,,,,,,
Monica Garcia,Female,Latino,,2005,2016,LAUSD D 2,,,,,,,,,,,,,,,
Diane Martinez,Female,Latino,,1992,1997,Assembly District 49,,,,,,,,,,,,,,,
Grace Napolitano,Female,Latino,ELECTION,1992,1997,Assembly District 58,1998,2001,US District 34,2002,2011,US District 38,2012,2016,US District 32,,,,,,
Alex P. Garcia,Male,Latino,Inactive,1968,1973,Assembly District 40,1974,1981,Senate District 24,,,,,,,,,,,,
Xavier Becerra,Male,Latino,Active,1990,1991,Assembly District 59,1992,2001,US District 30,2002,2011,US District 31,2012,2016,US District 34,,,,,,
Dario Frommer,Male,Latino,,2000,2005,Assembly District 43,,,,,,,,,,,,,,,
Victoria Castro,Female,Latino,,1993,2000,LAUSD D 2,,,,,,,,,,,,,,,
Joseph Montoya,Male,Latino,Deceased,1972,1973,Assembly District 50,1974,1977,Assembly District 60,1978,1989,Senate District 26,,,,,,,,,
Fabian Nunez,Male,Latino,,2002,2007,Assembly District 46,,,,,,,,,,,,,,,
Kevin de Leon,Male,Latino,Active,2006,2009,Assembly District 45,2010,2013,Senate District 22,2014,2016,Senate District 24,,,,,,,,,
Lucille Roybal-Allard,Female,Latino,Active,1986,1991,Assembly District 56,1992,2001,US District 33,2002,2011,US District 34,2012,2016,US District 40,,,,,,
Hector de la Torre,Male,Latino,,2004,2009,Assembly District 50,,,,,,,,,,,,,,,
Monica Ratliff,Female,Latino,Active,2013,2016,LAUSD D 6,,,,,,,,,,,,,,,
Lee Baca,Male,Latino,,1998,2013,Sheriff,,,,,,,,,,,,,,,
Hilda Solis,Female,Latino,Active,1992,1993,Assembly District 57,1994,1999,Senate District 24,2000,2001,US District 31,2002,2008,US District 32,2014,2016,County District 1,,,
Freddie Rodriguez,Male,Latino,Active,2013,2016,Assembly District 52,,,,,,,,,,,,,,,
Ricardo Lara,Male,Latino,Active,2010,2011,Assembly District 50,2012,2016,Senate District 33,,,,,,,,,,,,
Larry Gonzalez,Male,Latino,,1983,1986,LAUSD D 5,,,,,,,,,,,,,,,
Tony Cardenas,Male,Latino,ELECTION,1996,2001,Assembly District 39,2003,2011,LA District 06,2012,2016,US District 29,,,,,,,,,
Alex Padilla,Male,Latino,Inactive,2001,2005,LA District 07,2006,2013,Senate District 20,,,,,,,,,,,,
Louis Caldera,Male,Latino,,1992,1996,Assembly District 46,,,,,,,,,,,,,,,
Ref Rodriguez,Male,Latino,Active,2015,2016,LAUSD D 5,,,,,,,,,,,,,,,
Joseph Busch,Male,White,Deceased,1971,1974,County District Attorney,,,,,,,,,,,,,,,
Bob Epple,Male,White,Deceased,1988,1991,Assembly District 63,1992,1993,Assembly District 56,,,,,,,,,,,,
Gordon Hahn,Male,White,Deceased,1959,1962,LA District 08,,,,,,,,,,,,,,,
Julia Brownley,Female,White,ELECTION,2006,2011,Assembly District 41,2012,2016,US District 26,,,,,,,,,,,,
Greig Smith,Male,White,Inactive,2003,2010,LA District 12,,,,,,,,,,,,,,,
Glenn M. Anderson,Male,White,Deceased,1966,1969,US District 17,1972,1973,US District 35,1974,1991,US District 32,,,,,,,,,
Chet Wolfrum,Male,White,Deceased,1960,1961,Assembly District 56,,,,,,,,,,,,,,,
Gerald Felando,Male,White,Inactive,1978,1981,Assembly District 52,1982,1991,Assembly District 51,,,,,,,,,,,,
Sam Yorty,Male,White,Deceased,1961,1972,Mayor,,,,,,,,,,,,,,,
Larry Chimbole,Male,White,Deceased,1974,1975,Assembly District 34,,,,,,,,,,,,,,,
Dan Lungren,Male,White,Inactive,1978,1981,US District 34,1982,1987,US District 42,,,,,,,,,,,,
Jacqui Irwin,Female,White,Active,2014,2016,Assembly District 44,,,,,,,,,,,,,,,
Fran Pavley,Female,White,t/o,2000,2005,Assembly District 41,2008,2011,Senate District 23,2012,2016,Senate District 27,,,,,,,,,
Wendy Greuel,Female,White,Inactive,2000,2008,LA District 02,2009,2012,City Controller,,,,,,,,,,,,
Joe Buscaino,Male,White,Active,2012,2016,LA District 15,,,,,,,,,,,,,,,
William J. McVittie,Male,White,Inactive,1974,1979,Assembly District 65,,,,,,,,,,,,,,,
Audra Strickland,Female,White,Inactive,2004,2009,Assembly District 37,,,,,,,,,,,,,,,
Jeffrey Horton,Male,White,Inactive,1991,1998,LAUSD D 3,,,,,,,,,,,,,,,
Ernie Kell,Male,White,Inactive,1988,1993,Long Beach Mayor,,,,,,,,,,,,,,,
David Pierson,Male,White,Deceased,1970,1971,Assembly District 65,,,,,,,,,,,,,,,
Don Allen,Male,White,Deceased,1959,1965,Assembly District 63,,,,,,,,,,,,,,,
Steve Horn,Male,White,Deceased,1992,2001,US District 38,,,,,,,,,,,,,,,
Walter J. Karabian,Male,White,Inactive,1966,1973,Assembly District 45,,,,,,,,,,,,,,,
Jim Brulte,Male,White,Inactive,1996,2003,Senate District 31,,,,,,,,,,,,,,,
Richard B. Richards ,Male,White,Deceased,1959,1961,Senate District 38,,,,,,,,,,,,,,,
John L. E. ""Bud"" Collier,Male,White,Deceased,1960,1973,Assembly District 54,1974,1977,Assembly District 61,,,,,,,,,,,,
Ollie Speraw,Male,White,Deceased,1979,1983,Senate District 31,,,,,,,,,,,,,,,
Frank Vicencia,Male,White,Deceased,1974,1985,Assembly District 54,,,,,,,,,,,,,,,
J.C. Chambers,Male,White,Deceased,1959,1974,LAUSD AL 1,,,,,,,,,,,,,,,
George Wilson ,Male,White,Inactive,1959,1967,Assembly District 52,,,,,,,,,,,,,,,
Karl Rundberg,Male,White,Deceased,1959,1964,LA District 11,,,,,,,,,,,,,,,
David Hadley,Male,White,ELECTION,2014,2016,Assembly District 66,,,,,,,,,,,,,,,
Sharon Runner,Female,White,Active,2002,2007,Assembly District 36,2011,2011,Senate District 17,2014,2016,Senate District 21,,,,,,,,,
Jesse Unruh,Male,White,Deceased,1959,1969,Assembly District 65,,,,,,,,,,,,,,,
Ed Reinecke,Male,White,Inactive,1964,1967,US District 27,,,,,,,,,,,,,,,
Larry Townsend,Male,White,Deceased,1966,1972,Assembly District 67,,,,,,,,,,,,,,,
Ralph Richardson,Male,White,Deceased,1959,1968,LAUSD AL 6,1973,1980,LACCD 4,,,,,,,,,,,,
Steve Cooley,Male,White,Inactive,2000,2012,County District Attorney,,,,,,,,,,,,,,,
M. David Stirling,Male,White,Inactive,1976,1981,Assembly District 64,,,,,,,,,,,,,,,
Scott Wildman,Male,White,Inactive,1996,1999,Assembly District 43,,,,,,,,,,,,,,,
Donald Lorenzen,Male,White,Deceased,1969,1976,LA District 03,,,,,,,,,,,,,,,
Robert Philibosian,Male,White,Inactive,1982,1983,County District Attorney,,,,,,,,,,,,,,,
Kenneth W. Dyal,Male,White,Deceased,1964,1965,US District 33,,,,,,,,,,,,,,,
Ralph Dills,Male,White,Deceased,1966,1973,Senate District 32,1974,1997,Senate District 28,1982,1993,Senate District 30,,,,,,,,,
Robert Stevenson,Male,White,Deceased,1969,1974,LA District 13,,,,,,,,,,,,,,,
Paul Krekorian,Male,White,Active,2006,2009,Assembly District 43,2009,2016,LA District 02,,,,,,,,,,,,
Ernest J. Dronenburg, Jr.,Male,White,Inactive,1994,1997,BOE District 3,,,,,,,,,,,,,,,
Robert Docter,Male,White,Inactive,1969,1976,LAUSD AL 4,,,,,,,,,,,,,,,
Curt Hagman,Male,White,Inactive,2008,2011,Assembly District 60,2012,2013,Assembly District 55,,,,,,,,,,,,
Lou Cusanovich,Male,White,Deceased,1959,1965,Assembly District 64,1966,1975,Senate District 23,1973,1979,Senate District 19,,,,,,,,,
Mark W. Hannaford,Male,White,Deceased,1974,1977,US District 34,,,,,,,,,,,,,,,
Jack Scott,Male,White,Inactive,1996,1999,Assembly District 44,2000,2007,Senate District 21,,,,,,,,,,,,
Jerry Pettis,Male,White,Deceased,1966,1973,US District 33,1974,1974,US District 37,,,,,,,,,,,,
George Runner,Male,White,Active,1996,2001,Assembly District 36,2004,2010,Senate District 17,2010,2013,BOE District 2,2014,2016,BOE District 1,,,,,,
James Wedworth,Male,White,Deceased,1966,1975,Senate District 31,1974,1975,Senate District 27,,,,,,,,,,,,
Mary Tinglof,Female,White,Deceased,1959,1964,LAUSD AL 2,,,,,,,,,,,,,,,
Bruce Young,Male,White,Inactive,1976,1983,Assembly District 63,,,,,,,,,,,,,,,
John Rousselot,Male,White,Deceased,1960,1961,US District 25,1970,1973,US District 24,1974,1981,US District 26,,,,,,,,,
Joe E. Hollingsworth,Male,White,Deceased,1961,1962,LA District 10,,,,,,,,,,,,,,,
James Roosevelt,Male,White,Deceased,1959,1965,US District 26,,,,,,,,,,,,,,,
John Harmer,Male,White,Inactive,1966,1973,Senate District 21,,,,,,,,,,,,,,,
Robert M. Wilkinson,Male,White,Deceased,1967,1978,LA District 12,,,,,,,,,,,,,,,
Joseph Shell,Male,White,,1960,1961,Assembly District 58,,,,,,,,,,,,,,,
Jim Keysor,Male,White,Deceased,1970,1973,Assembly District 41,1974,1977,Assembly District 39,,,,,,,,,,,,
Barry Goldwater, Jr.,Male,White,Inactive,1968,1973,US District 27,1975,1982,US District 20,,,,,,,,,,,,
Charles Wiggins,Male,White,,1966,1973,US District 25,,,,,,,,,,,,,,,
Herman Smith,Male,White,,1959,1959,Assembly District 55,,,,,,,,,,,,,,,
Beverly O'Neill,Female,White,Inactive,1994,2005,Long Beach Mayor,,,,,,,,,,,,,,,
Ernest Debs,Male,White,,1959,1974,County District 3,,,,,,,,,,,,,,,
James Brown,Male,White,,1959,1964,LA District 13,,,,,,,,,,,,,,,
Allen Miller,Male,White,,1959,1959,Assembly District 41,,,,,,,,,,,,,,,
Ransom Callicott,Male,White,,1959,1961,LA District 12,,,,,,,,,,,,,,,
Mike Antonovich,Male,White,t/o,1969,1972,LACCD 4,1972,1973,Assembly District 43,1974,1977,Assembly District 41,1980,2016,County District 5,,,,,,
Betty Karnette,Female,White,Inactive,1992,1993,Assembly District 54,1996,2003,Senate District 27,2004,2007,Assembly District 54,,,,,,,,,
Sanford ""Sandy"" Weiner,Male,White,,1959,1959,Assembly District 59,,,,,,,,,,,,,,,
C. Lemoine Blanchard,Male,White,,1959,1962,LA District 02,,,,,,,,,,,,,,,
Jim Cramer,Male,White,,1980,1981,Assembly District 65,,,,,,,,,,,,,,,
John Holland ,Male,White,,1959,1966,LA District 14,,,,,,,,,,,,,,,
Harvey Johnson,Male,White,,1962,1973,Assembly District 58,,,,,,,,,,,,,,,
David Negri,Male,White,,1966,1967,Assembly District 41,,,,,,,,,,,,,,,
Rudy Svornich ,Male,White,,1993,2000,LA District 15,,,,,,,,,,,,,,,
David Tokofsky,Male,White,,1995,2006,LAUSD D 5,,,,,,,,,,,,,,,
Sally Tanner,Female,White,,1978,1989,Assembly District 60,,,,,,,,,,,,,,,
Frank Bonnelli,Male,White,,1960,1971,County District 1,,,,,,,,,,,,,,,
Tom McClintock,Male,White,Inactive,1996,1999,Assembly District 38,2000,2007,Senate District 19,,,,,,,,,,,,
Tom Waite,Male,White,,1962,1963,Assembly District 62,,,,,,,,,,,,,,,
Peggy Stevenson,Female,White,Deceased,1975,1984,LA District 13,,,,,,,,,,,,,,,
Houston Flourney,Male,White,,1960,1965,Assembly District 49,,,,,,,,,,,,,,,
Edward Elliot,Male,White,,1959,1967,Assembly District 40,,,,,,,,,,,,,,,
John Van De Kamp,Male,White,,1975,1981,County District Attorney,,,,,,,,,,,,,,,
Bob Ronka,Male,White,,1977,1980,LA District 01,,,,,,,,,,,,,,,
Phillip Watson,Male,White,,1963,1977,Assessor,,,,,,,,,,,,,,,
George Deukmejian,Male,White,Inactive,1962,1965,Assembly District 39,1976,1978,Senate District 31,,,,,,,,,,,,
Evelle Younger,Male,White,,1964,1970,County District Attorney,,,,,,,,,,,,,,,
Robert ""Bob"" Lagomarsino,Male,White,,1966,1973,Senate District 24,,,,,,,,,,,,,,,
Leslie Les Rice,Male,White,,1959,1959,Assembly District 54,,,,,,,,,,,,,,,
Anthony Adams,Male,White,,2006,2009,Assembly District 59,,,,,,,,,,,,,,,
Al McCandless,Male,White,,1982,1991,US District 37,,,,,,,,,,,,,,,
Ed Davis,Male,White,,1980,1991,Senate District 19,,,,,,,,,,,,,,,
Richard Nevins,Male,White,,1959,1986,BOE District 4,,,,,,,,,,,,,,,
Peter Pitchess,Male,White,,1959,1981,Sheriff,,,,,,,,,,,,,,,
Paul Carpenter,Male,White,Deceased,1984,1986,Senate District 33,1987,1989,BOE District 4,,,,,,,,,,,,
Charles Smoot,Male,White,,1959,1966,LAUSD AL 3,,,,,,,,,,,,,,,
Vincent Thomas,Male,White,Deceased,1959,1973,Assembly District 68,1974,1977,Assembly District 52,,,,,,,,,,,,
Cecil Green,Male,White,,1987,1991,Senate District 33,,,,,,,,,,,,,,,
Norris Poulson,Male,White,,1959,1960,Mayor,,,,,,,,,,,,,,,
Bill Leonard,Male,White,Inactive,1988,1991,Senate District 25,1992,1995,Senate District 31,2004,2009,BOE District 2,,,,,,,,,
Robert Dornan,Male,White,,1988,1991,US District 38,,,,,,,,,,,,,,,
Cathie Wright,Female,White,Deceased,1980,1991,Assembly District 37,1992,1999,Senate District 19,,,,,,,,,,,,
Paul Lamport,Male,White,,1965,1968,LA District 13,,,,,,,,,,,,,,,
Floyd Wakefield ,Male,White,,1968,1973,Assembly District 52,,,,,,,,,,,,,,,
Robert Beverly,Male,White,Deceased,1968,1973,Assembly District 46,1974,1975,Assembly District 51,1976,1995,Senate District 27,1984,1991,Senate District 29,,,,,,
Rick Tuttle,Male,White,Inactive,1977,1984,LACCD 7,1985,2000,City Controller,,,,,,,,,,,,
L.E. Timberlake,Male,White,,1959,1968,LA District 06,,,,,,,,,,,,,,,
Louis Nowell,Male,White,,1963,1976,LA District 01,,,,,,,,,,,,,,,
Jim Lloyd,Male,White,,1974,1979,US District 35,,,,,,,,,,,,,,,
Cecil King,Male,White,,1959,1965,US District 17,,,,,,,,,,,,,,,
Cindy Miscikowski,Female,White,,1997,2004,LA District 11,,,,,,,,,,,,,,,
Patrick Owens,Male,White,,1989,1992,LACCD 2,,,,,,,,,,,,,,,
Dick Mountjoy,Male,White,Deceased,1978,1981,Assembly District 61,1980,1991,Assembly District 42,1992,1994,Assembly District 59,,,,,,,,,
Carley Porter,Male,White,Deceased,1959,1961,Assembly District 69,1962,1973,Assembly District 38,,,,,,,,,,,,
Don Knabe,Male,White,t/o,1996,2016,County District 4,,,,,,,,,,,,,,,
George Brown,Male,White,Deceased,1959,1961,Assembly District 45,1962,1969,US District 29,,,,,,,,,,,,
Jeff Gorell,Male,White,Inactive,2010,2011,Assembly District 37,2012,2013,Assembly District 44,,,,,,,,,,,,
J. Robert Hayes,Male,White,,1978,1979,Assembly District 39,,,,,,,,,,,,,,,
Tom LaBonge,Male,White,,2000,2014,LA District 04,,,,,,,,,,,,,,,
Patrick O'Donnell,Male,White,Active,2014,2016,Assembly District 70,,,,,,,,,,,,,,,
Bill Ivers,Male,White,,1978,1979,Assembly District 42,,,,,,,,,,,,,,,
James Potter,Male,White,,1963,1970,LA District 02,,,,,,,,,,,,,,,
Ed Royce,Male,White,Active,1982,1991,Senate District 32,1992,2001,US District 39,2002,2011,US District 40,2012,2016,US District 39,,,,,,
Clayton Dills,Male,White,,1959,1965,Assembly District 67,,,,,,,,,,,,,,,
Matthew Dababneh,Male,White,Active,2013,2016,Assembly District 45,,,,,,,,,,,,,,,
James Hayes,Male,White,,1966,1971,Assembly District 39,,,,,,,,,,,,,,,
Richard Vladovic,Male,White,,2007,2016,LAUSD D 7,,,,,,,,,,,,,,,
Harold Garvin,Male,White,,1979,1990,LACCD 5,,,,,,,,,,,,,,,
Warren Dorn,Male,White,,1959,1971,County District 5,,,,,,,,,,,,,,,
Richard Mountjoy,Male,White,,1995,1999,Senate District 29,,,,,,,,,,,,,,,
Kevin McCarthy,Male,White,Inactive,2006,2011,US District 22,2012,2016,US District 23,,,,,,,,,,,,
Harold Leveving,Male,White,,1960,1961,Assembly District 60,,,,,,,,,,,,,,,
Kenneth P. Hahn,Male,White,,1990,1999,Assessor,,,,,,,,,,,,,,,
Chet Holifield,Male,White,,1959,1971,US District 19,,,,,,,,,,,,,,,
Ernest Geddes,Male,White,,1959,1959,Assembly District 49,,,,,,,,,,,,,,,
John Greenwood,Male,White,,1979,1986,LAUSD D 7,,,,,,,,,,,,,,,
Dennis Zine,Male,White,,2001,2012,LA District 03,,,,,,,,,,,,,,,
Alexander Pope,Male,White,,1978,1985,Assessor,,,,,,,,,,,,,,,
Pat Rusell,Female,White,,1969,1986,LA District 06,,,,,,,,,,,,,,,
Thomas Shepard,Male,White,,1961,1968,LA District 03,,,,,,,,,,,,,,,
Glenard Lipscomb,Male,White,,1959,1969,US District 24,,,,,,,,,,,,,,,
Paul Horcher,Male,White,Inactive,1990,1991,Assembly District 52,1990,1995,Assembly District 60,,,,,,,,,,,,
Charles Chapel,Male,White,,1959,1967,Assembly District 46,,,,,,,,,,,,,,,
John Gibson Jr. ,Male,White,,1959,1980,LA District 15,,,,,,,,,,,,,,,
James Corman,Male,White,Deceased,1959,1960,LA District 07,1960,1973,US District 22,1972,1977,US District 21,,,,,,,,,
William Campbell,Male,White,Deceased,1966,1971,Assembly District 50,1974,1975,Assembly District 64,1976,1983,Senate District 33,1984,1991,Senate District 31,,,,,,
John Cassidy,Male,White,,1962,1966,LA District 12,,,,,,,,,,,,,,,
Shirley Pettis,Female,White,,1975,1977,US District 37,,,,,,,,,,,,,,,
Wayne Grisham,Male,White,Deceased,1978,1981,US District 33,1984,1987,Assembly District 63,,,,,,,,,,,,
Everett Burkhalter,Male,White,Deceased,1959,1962,LA District 01,1962,1963,US District 27,,,,,,,,,,,,
Joan Milke-Flores ,Female,White,,1981,1992,LA District 15,,,,,,,,,,,,,,,
David Easton,Male,White,,1959,1959,Assembly District 58,,,,,,,,,,,,,,,
Mitch O'Farrell,Male,White,Active,2013,2016,LA District 13,,,,,,,,,,,,,,,
Martin Schnitzer,Male,White,,1959,1959,Assembly District 60,,,,,,,,,,,,,,,
Dana Rohrabacher,Male,White,Inactive,1988,1991,US District 42,2002,2011,US District 46,,,,,,,,,,,,
Steven Kuykendall,Male,White,Inactive,1994,1997,Assembly District 54,1998,1999,US District 36,,,,,,,,,,,,
Paul Carpenter ,Male,White,,1976,1983,Senate District 37,,,,,,,,,,,,,,,
Donald L. Jackson,Male,White,,1959,1960,US District 16,,,,,,,,,,,,,,,
Patrick D. McGee,Male,White,Deceased,1959,1960,LA District 03,1966,1969,Assembly District 64,,,,,,,,,,,,
Phillip Wyman,Male,White,,1976,1981,Assembly District 34,,,,,,,,,,,,,,,
Mike Cullen,Male,White,Inactive,1966,1973,Assembly District 44,1974,1977,Assembly District 57,,,,,,,,,,,,
Jim McDonnell,Male,White,Active,2014,2016,Sheriff,,,,,,,,,,,,,,,
Charles Conrad,Male,White,,1960,1971,Assembly District 57,,,,,,,,,,,,,,,
Steve Knight,Male,White,ELECTION,2008,2011,Assembly District 36,2012,2013,Senate District 21,2014,2016,US District 25,,,,,,,,,
Bill Thomas,Male,White,,2002,2005,US District 22,,,,,,,,,,,,,,,
Newton Russell,Male,White,Deceased,1964,1973,Assembly District 62,1974,1995,Senate District 21,,,,,,,,,,,,
Tom C. Carrell,Male,White,Deceased,1960,1965,Assembly District 41,1966,1973,Senate District 22,,,,,,,,,,,,
Robert Cline,Male,White,Inactive,1969,1970,LACCD 1,1970,1973,Assembly District 64,1974,1979,Assembly District 37,,,,,,,,,
Anthony Portantino,Male,White,,2006,2011,Assembly District 44,,,,,,,,,,,,,,,
John Ferraro,Male,White,,1966,1999,LA District 04,,,,,,,,,,,,,,,
Howard ""Buck"" McKeon,Male,White,,1992,2013,US District 25,,,,,,,,,,,,,,,
Henry Arklin,Male,White,,1968,1969,Assembly District 41,,,,,,,,,,,,,,,
Tom Hayden,Male,White,Inactive,1982,1991,Assembly District 44,1992,1999,Senate District 23,,,,,,,,,,,,
William H. Lancaster,Male,White,Deceased,1972,1973,Assembly District 49,1974,1991,Assembly District 62,,,,,,,,,,,,
Bob Foster,Male,White,,2006,2013,Long Beach Mayor,,,,,,,,,,,,,,,
Gary Miller,Male,White,Inactive,1996,1997,Assembly District 60,2002,2011,US District 42,,,,,,,,,,,,
Philip Bardos,Male,White,,1971,1978,LAUSD AL 7,,,,,,,,,,,,,,,
Bob Huff,Male,White,ELECTION,2004,2007,Assembly District 60,2008,2016,Senate District 29,,,,,,,,,,,,
Edgar Hiestand,Male,White,,1959,1961,US District 21,,,,,,,,,,,,,,,
Jim Rogan,Male,White,Inactive,1994,1995,Assembly District 43,1996,1999,US District 27,,,,,,,,,,,,
George R. Reilly,Male,White,,1959,1981,BOE District 1,,,,,,,,,,,,,,,
Charles Navarro,Male,White,Deceased,1959,1960,LA District 10,1961,1976,City Controller,,,,,,,,,,,,
Phil Hawkins,Male,White,,1994,1995,Assembly District 56,,,,,,,,,,,,,,,
Conway H. Collis,Male,White,,1982,1989,BOE District 2,,,,,,,,,,,,,,,
Harold Henry,Male,White,,1959,1965,LA District 04,,,,,,,,,,,,,,,
Scott Wilk,Male,White,ELECTION,2012,2016,Assembly District 38,,,,,,,,,,,,,,,
Mike Lansing,Male,White,,1999,2006,LAUSD D 7,,,,,,,,,,,,,,,
Dennis Mountjoy,Male,White,,2000,2005,Assembly District 59,,,,,,,,,,,,,,,
Caprice Young,Female,White,Inactive,1999,2002,LAUSD D 3,,,,,,,,,,,,,,,
Seth Johnson,Male,White,,1959,1959,Assembly District 56,,,,,,,,,,,,,,,
Jon Lauritzen,Male,White,,2003,2006,LAUSD D 3,,,,,,,,,,,,,,,
Richard Hanna,Male,White,,1962,1973,US District 34,,,,,,,,,,,,,,,
Frank Lanterman,Male,White,Deceased,1959,1961,Assembly District 48,1962,1973,Assembly District 47,1974,1977,Assembly District 42,,,,,,,,,
Richard Ferraro,Male,White,Deceased,1969,1978,LAUSD AL 6,1979,1982,LAUSD D 5,,,,,,,,,,,,
Mike Gordon ,Male,White,,2004,2004,Assembly District 53,,,,,,,,,,,,,,,
Kathleen Brown,Female,White,Inactive,1975,1978,LAUSD AL 1,1979,1979,LAUSD D 3,,,,,,,,,,,,
David Dreier,Male,White,Inactive,1980,1981,US District 35,1982,1991,US District 33,1992,2001,US District 28,2002,2011,US District 26,,,,,,
Tom Lackey,Male,White,Active,2014,2016,Assembly District 36,,,,,,,,,,,,,,,
Kelly Candaele,Male,White,,1997,2012,LACCD 4,,,,,,,,,,,,,,,
George Deukmejian ,Male,White,,1966,1975,Senate District 37,,,,,,,,,,,,,,,
Bob Dornan,Male,White,,1976,1981,US District 27,,,,,,,,,,,,,,,
Tom Rees,Male,White,Deceased,1960,1961,Assembly District 59,1966,1973,US District 26,1974,1975,US District 23,,,,,,,,,
Tom Rees ,Male,White,,1962,1965,Senate District 38,,,,,,,,,,,,,,,
Patrick Nolan,Male,White,Inactive,1978,1991,Assembly District 41,1992,1993,Assembly District 43,,,,,,,,,,,,
Roger Arnebergh,Male,White,,1959,1972,City Attorney,,,,,,,,,,,,,,,
Wallace Albertson,Male,White,,1977,1988,LACCD 6,,,,,,,,,,,,,,,
Del Clawson,Male,White,Deceased,1964,1973,US District 23,1974,1977,US District 33,,,,,,,,,,,,
Tom Mays,Male,White,,1990,1991,Assembly District 58,,,,,,,,,,,,,,,
Montievel Burke ,Male,White,,1959,1961,Assembly District 53,,,,,,,,,,,,,,,
Bob McLennan,Male,White,,1974,1975,Assembly District 63,,,,,,,,,,,,,,,
Robert Dutton,Male,White,,2004,2011,Senate District 31,,,,,,,,,,,,,,,
Kenneth F. Hahn,Male,White,,1959,1991,County District 2,,,,,,,,,,,,,,,
Carlos Moorhead,Male,White,Deceased,1966,1971,Assembly District 43,1973,1974,US District 20,1974,1991,US District 22,1992,1995,US District 27,,,,,,
Lawrence Walsh,Male,White,,1966,1973,Senate District 30,,,,,,,,,,,,,,,
Georgiana Hardy,Female,White,,1959,1974,LAUSD AL 5,,,,,,,,,,,,,,,
Ernani Bernardi,Male,White,,1961,1992,LA District 07,,,,,,,,,,,,,,,
Marlene Canter,Female,White,,2001,2009,LAUSD D 4,,,,,,,,,,,,,,,
Tom Bartman,Male,White,,1981,1986,LAUSD D 6,,,,,,,,,,,,,,,
Janice Hahn,Female,White,ELECTION,2001,2011,LA District 15,2012,2016,US District 44,,,,,,,,,,,,
Art Snyder ,Male,White,,1967,1984,LA District 14,,,,,,,,,,,,,,,
Hugh Willet,Male,White,,1959,1968,LAUSD AL 4,,,,,,,,,,,,,,,
Vernon Kilpatrick,Male,White,,1960,1961,Assembly District 55,,,,,,,,,,,,,,,
Frederic Wyatt,Male,White,,1969,1976,LACCD 6,,,,,,,,,,,,,,,
Betsy Butler ,Female,White,,2010,2011,Assembly District 53,,,,,,,,,,,,,,,
Mike Roos,Male,White,,1978,1991,Assembly District 46,,,,,,,,,,,,,,,
Cameron Smyth,Male,White,,2006,2011,Assembly District 38,,,,,,,,,,,,,,,
Mike Gatto,Male,White,t/o,2010,2016,Assembly District 43,,,,,,,,,,,,,,,
Don Rogers,Male,White,,1992,1995,Senate District 17,,,,,,,,,,,,,,,
Ronald B. Cameron,Male,White,Deceased,1959,1961,Assembly District 50,1962,1965,US District 25,,,,,,,,,,,,
Arthur Gardner,Male,White,,1959,1970,LAUSD AL 7,,,,,,,,,,,,,,,
Baxter Ward,Male,White,,1972,1979,County District 5,,,,,,,,,,,,,,,
Herbert Legg,Male,White,,1959,1959,County District 1,,,,,,,,,,,,,,,
James ""Joe"" Holt,Male,White,,1959,1959,US District 22,,,,,,,,,,,,,,,
Tony Strickland,Male,White,Inactive,2002,2003,Assembly District 37,2008,2011,Senate District 19,,,,,,,,,,,,
Robert Stevens,Male,White,Deceased,1962,1965,Assembly District 60,1966,1975,Senate District 25,,,,,,,,,,,,
Bill Bond,Male,White,,1972,1973,Assembly District 39,,,,,,,,,,,,,,,
John Quinn,Male,White,,1959,1962,Assessor,,,,,,,,,,,,,,,
Claude Parrish,Male,White,,1998,2005,BOE District 3,,,,,,,,,,,,,,,
Dave Elder,Male,White,,1978,1991,Assembly District 57,,,,,,,,,,,,,,,
Charles H. Wilson,Male,White,Deceased,1959,1961,Assembly District 66,1962,1979,US District 31,,,,,,,,,,,,
Sherman Block,Male,White,,1982,1997,Sheriff,,,,,,,,,,,,,,,
H.L. ""Bill"" Richardson,Male,White,Inactive,1966,1972,Senate District 19,1976,1987,Senate District 25,,,,,,,,,,,,
Peter Schabarum,Male,White,Inactive,1966,1971,Assembly District 49,1972,1990,County District 1,,,,,,,,,,,,
Paul V. Priolo,Male,White,Inactive,1966,1973,Assembly District 60,1974,1979,Assembly District 38,,,,,,,,,,,,
Dan Hoye,Male,White,,1959,1960,City Controller,,,,,,,,,,,,,,,
Paul Zeltner,Male,White,,1986,1987,Assembly District 54,,,,,,,,,,,,,,,
Marion LaFollette,Female,White,Inactive,1969,1974,LACCD 7,1980,1989,Assembly District 38,,,,,,,,,,,,
Bill Hoge,Male,White,,1992,1995,Assembly District 44,,,,,,,,,,,,,,,
Frank C. Hill,Male,White,Inactive,1982,1989,Assembly District 52,1992,1994,Senate District 29,,,,,,,,,,,,
Richard Riordan,Male,White,,1993,2000,Mayor,,,,,,,,,,,,,,,
Joseph Kennick,Male,White,Inactive,1959,1965,Assembly District 44,1966,1975,Senate District 33,,,,,,,,,,,,
Burton Chace,Male,White,,1959,1971,County District 4,,,,,,,,,,,,,,,
Adrin Nazarian,Male,White,Active,2012,2016,Assembly District 46,,,,,,,,,,,,,,,
Jerry Lewis,Male,White,Inactive,1978,1981,US District 37,1982,1991,US District 35,1988,1991,US District 36,,,,,,,,,
Fred Chel,Male,White,,1974,1977,Assembly District 58,,,,,,,,,,,,,,,
William Munnell ,Male,White,,1959,1961,Assembly District 51,,,,,,,,,,,,,,,
William Coombs,Male,White,,1966,1973,Senate District 20,,,,,,,,,,,,,,,
Craig Hosmer,Male,White,Deceased,1959,1959,US District 18,1962,1973,US District 32,,,,,,,,,,,,
Gordon McDonough,Male,White,,1959,1959,US District 15,,,,,,,,,,,,,,,
Mike Bonin,Male,White,Active,2013,2016,LA District 11,,,,,,,,,,,,,,,
Dennis Brown,Male,White,,1978,1989,Assembly District 58,,,,,,,,,,,,,,,
Charles Warren,Male,White,Inactive,1962,1973,Assembly District 56,1974,1977,Assembly District 46,,,,,,,,,,,,
Jerry Brown,Male,White,,1969,1970,LACCD 2,,,,,,,,,,,,,,,
Deane Dana,Male,White,,1980,1995,County District 4,,,,,,,,,,,,,,,
David Armor,Male,White,,1985,1985,LAUSD D 6,,,,,,,,,,,,,,,
William ""Pete"" Knight,Male,White,Deceased,1992,1995,Assembly District 36,1996,2003,Senate District 17,,,,,,,,,,,,
Bruce Reagaiv,Male,White,,1959,1961,Assembly District 47,,,,,,,,,,,,,,,
Elton Gallegly,Male,White,Inactive,1986,1989,US District 21,1992,2001,US District 23,2002,2011,US District 24,,,,,,,,,
Dick Floyd,Male,White,Deceased,1980,1991,Assembly District 53,1996,1999,Assembly District 55,,,,,,,,,,,,
Bob Margett,Male,White,Inactive,1995,1999,Assembly District 59,2000,2007,Senate District 29,,,,,,,,,,,,
Harry Sheppard,Male,White,,1962,1963,US District 33,,,,,,,,,,,,,,,
Bill Rosendahl,Male,White,,2005,2012,LA District 11,,,,,,,,,,,,,,,
Carmen Trutanich,Male,White,,2009,2012,City Attorney,,,,,,,,,,,,,,,
James ""Jimmy"" Hahn,Male,White,Inactive,1981,1984,City Controller,1985,2000,City Attorney,2001,2004,Mayor,,,,,,,,,
Paula Boland,Female,White,,1990,1995,Assembly District 38,,,,,,,,,,,,,,,
H. Allen Smith,Male,White,,1959,1972,US District 20,,,,,,,,,,,,,,,
Howard Thelin,Male,White,,1959,1965,Assembly District 43,,,,,,,,,,,,,,,
William McKesson,Male,White,Deceased,1959,1963,County District Attorney,,,,,,,,,,,,,,,
Alphonzo E. Bell, Jr.,Male,White,Deceased,1961,1962,US District 16,1962,1973,US District 28,1974,1975,US District 27,,,,,,,,,
Gray Davis,Male,White,,1982,1985,Assembly District 43,,,,,,,,,,,,,,,
Tim Donnelly,Male,White,,2010,2011,Assembly District 59,,,,,,,,,,,,,,,
Robert Hayes,Male,White,,1972,1977,County District 4,,,,,,,,,,,,,,,
Clyde Doyle,Male,White,Deceased,1959,1963,US District 23,,,,,,,,,,,,,,,
George Kasem,Male,White,Deceased,1959,1959,US District 25,,,,,,,,,,,,,,,
Lester McMillan,Male,White,,1959,1967,Assembly District 61,,,,,,,,,,,,,,,
Fred Aguiar,Male,White,Inactive,1992,1997,Assembly District 61,,,,,,,,,,,,,,,
Charles Manfred,Male,White,,1959,1959,Assembly District 57,,,,,,,,,,,,,,,
John Lynch,Male,White,Deceased,1986,1989,Assessor,,,,,,,,,,,,,,,
Marilyn Ryan ,Female,White,Deceased,1976,1981,Assembly District 51,,,,,,,,,,,,,,,
Robert Moretti,Male,White,Deceased,1964,1973,Assembly District 42,,,,,,,,,,,,,,,
David Roberti,Male,White,Inactive,1966,1971,Assembly District 48,1972,1973,Senate District 27,1976,1991,Senate District 23,,,,,,,,,
William ""Bill"" Grant,Male,White,,1959,1961,Assembly District 70,,,,,,,,,,,,,,,
Joe Gonsalves,Male,White,Deceased,1962,1973,Assembly District 66,,,,,,,,,,,,,,,
Scott Schmerelson,Male,White,Active,2015,2016,LAUSD D 3,,,,,,,,,,,,,,,
Mike Morrell,Male,White,Active,2014,2016,Senate District 23,,,,,,,,,,,,,,,
Bill Emmerson,Male,White,,2012,2013,Senate District 23,,,,,,,,,,,,,,,
